<?xml version="1.0" encoding="UTF-8" standalone="yes"?>
<addon id="repository.libreelec-aml"
		name="LibreELEC-AML Add-ons"
		version="9.0.0"
		provider-name="LibreELEC-AML">
	<extension point="xbmc.addon.repository"
		name="LibreELEC-AML Add-ons">
	        <info compressed="false">https://raw.githubusercontent.com/LibreELEC-AML/repository.libreelec-aml/master/addons.xml</info>
	        <checksum>https://raw.githubusercontent.com/LibreELEC-AML/repository.libreelec-aml/master/addons.xml.md5</checksum>
	        <datadir zip="true">https://github.com/LibreELEC-AML/repository.libreelec-aml/raw/master/zips/</datadir>
	</extension>
	<extension point="xbmc.addon.metadata">
		<summary>LibreELEC-AML Add-ons</summary>
		<platform>all</platform>
	</extension>
</addon>
